frame.number,frame.time_epoch,ip.src,ip.dst,tcp.srcport,tcp.dstport,udp.srcport,udp.dstport,_ws.col.protocol,frame.len
1,1761227010.860006568,172.27.91.210,224.0.0.251,,,5353,5353,MDNS,135
2,1761227010.860079658,,,,,5353,5353,MDNS,155
3,1761227012.858078902,172.27.91.210,224.0.0.251,,,5353,5353,MDNS,135
4,1761227012.858079569,,,,,5353,5353,MDNS,155
5,1761227014.860926794,172.27.91.210,224.0.0.251,,,5353,5353,MDNS,135
6,1761227014.860927497,,,,,5353,5353,MDNS,155
